{
    "Player": {
        "Test": 28,
        "Test2": -0.31200000643730164,
        "Test3": [
            10.0,
            3.200000047683716,
            3.0
        ]
    }
}
